player_id,player,position,team,bye_week,season_pts_half_ppr,aav_espn,aav_nffc,aav_yahoo,pass_yds,pass_tds,pass_ints,rush_yds,rush_tds,rec_yds,rec_tds,receptions,fumbles_lost,fg_0_39,pat_made,def_sacks,def_ints,def_fumble_recoveries,def_tds,def_safeties
4984,Josh Allen,QB,BUF,7,359.39,39.2,19,30,3813.37,27.46,11.19,585.95,11.5,,,,4.1,,,,,,,
4881,Lamar Jackson,QB,BAL,13,315.27,23.7,10,15.2,3651.56,28.32,9.58,640.26,3.23,,,,4.16,,,,,,,
11566,Jayden Daniels,QB,WAS,7,311.24,15,5,6.5,3677.07,23.75,10.96,685.35,4.7,,,,2.83,,,,,,,
11564,Drake Maye,QB,NE,11,310.3,16.3,11,9.4,3999.27,27.71,10.4,492.86,3.69,,,,5.57,,,,,,,
6904,Jalen Hurts,QB,PHI,10,312.83,13.5,5,6.1,3566.51,24.16,7.39,461.14,8.38,,,,4.04,,,,,,,
6770,Joe Burrow,QB,CIN,6,299.11,14.3,10,8.6,4175,33.31,11.64,178.52,1.36,,,,1.93,,,,,,,
12508,Jaxson Dart,QB,NYG,8,298.5,7.5,3,2.6,3586.25,22.26,11.04,549.31,6.48,,,,2.86,,,,,,,
7523,Trevor Lawrence,QB,JAX,7,293.59,6.2,6,2.5,3912.14,27.03,13.02,322.02,4.94,,,,3.41,,,,,,,
8183,Brock Purdy,QB,SF,8,291.68,4.7,3,1.4,4154.01,27.34,14.3,304.36,3.83,,,,4.33,,,,,,,
3294,Dak Prescott,QB,DAL,14,294.61,9,6,3.5,4288.34,30.9,11.3,173.33,1.72,,,,2.79,,,,,,,
4046,Patrick Mahomes,QB,KC,5,290.59,5.8,4,2.1,3836.54,27.13,11.89,359.65,3.41,,,,2.02,,,,,,,
11560,Caleb Williams,QB,CHI,10,292.21,7.5,7,3.6,3872.25,27.4,9.33,398.44,2.1,,,,3.03,,,,,,,
6797,Justin Herbert,QB,LAC,7,287.79,7.3,7,3.6,3854.08,26.21,11.67,450.49,2.12,,,,2.82,,,,,,,
11563,Bo Nix,QB,DEN,10,286.96,6.3,3,1.5,3744.21,26.82,11.05,341.32,3.66,,,,2.04,,,,,,,
421,Matthew Stafford,QB,LAR,11,285.31,6.4,3,1.7,4190.5,33.95,8.56,33.11,0.2,,,,2.75,,,,,,,
5849,Kyler Murray,QB,MIN,6,276.95,3.1,3,1.3,3644.85,24.35,14.42,495.73,3.5,,,,3.99,,,,,,,
3163,Jared Goff,QB,DET,6,278.04,3,3,1.3,4309.42,31.72,9.99,48.22,0.23,,,,3.72,,,,,,,
12545,Tyler Shough,QB,NO,8,273.4,2,2,1.2,3945.71,22.16,11.69,330.11,4.09,,,,3.62,,,,,,,
4892,Baker Mayfield,QB,TB,10,268.94,2.3,2,1.1,3839.73,25.88,12.89,362.75,1.46,,,,3.71,,,,,,,
5870,Daniel Jones,QB,IND,13,262.27,1.4,1,1.1,3758.63,23.52,11.72,250.67,3.96,,,,3.77,,,,,,,
6804,Jordan Love,QB,GB,11,261.95,1.9,2,1.1,3860.15,26.87,10.28,206.4,1,,,,3.01,,,,,,,
8161,Malik Willis,QB,MIA,6,259.36,1,1,1.1,3374.2,18.1,12.48,642.68,4.15,,,,6.11,,,,,,,
4943,Sam Darnold,QB,SEA,11,253.01,1.2,1,1.2,4087.46,27.35,13.12,131.87,0.62,,,,5.28,,,,,,,
9758,C.J. Stroud,QB,HOU,8,249.24,0.9,1,1.2,3875.71,23.48,11.36,238.71,1.01,,,,3.46,,,,,,,
9228,Bryce Young,QB,CAR,5,243.91,0.5,1,1.4,3456.88,22.8,12.03,261.51,3.05,,,,2.98,,,,,,,
1373,Geno Smith,QB,NYJ,13,219.02,0.2,1,,3462.57,21.84,14.8,210.77,1.02,,,,2.22,,,,,,,
12522,Cam Ward,QB,TEN,9,220.45,0.5,1,1.3,3585.76,19.51,10.42,185.23,2.01,,,,5.38,,,,,,,
3257,Jacoby Brissett,QB,ARI,14,219.77,0.3,1,,3587.89,19.28,10.39,209.92,1.43,,,,4.83,,,,,,,
96,Aaron Rodgers,QB,PIT,9,215.29,0.3,1,1.5,3483.75,22.04,9.38,82.55,0.63,,,,2.75,,,,,,,
13269,Fernando Mendoza,QB,LV,13,179.61,0.3,1,1.2,2882.09,15.73,12.17,233.04,1.31,,,,2.71,,,,,,,
6768,Tua Tagovailoa,QB,ATL,11,133.21,0.1,1,,2350.61,13.16,7.31,41.67,0.09,,,,1.77,,,,,,,
4017,Deshaun Watson,QB,CLE,11,127.67,0.1,1,,1993.97,10.78,7.45,191.71,1.2,,,,3.34,,,,,,,
12524,Shedeur Sanders,QB,CLE,11,99.63,0.1,1,,1632.29,8.08,6.49,143,0.63,,,,1.54,,,,,,,
11559,Michael Penix,QB,ATL,11,94.61,0.1,1,,1564.84,8.47,4.03,53.54,0.63,,,,1.47,,,,,,,
1166,Kirk Cousins,QB,LV,13,43.15,0.1,1,,781.79,5.03,3.9,8.99,0.09,,,,0.94,,,,,,,
13272,Carson Beck,QB,ARI,14,28.24,0,,,449.79,2.79,1.75,26.72,0.15,,,,0.49,,,,,,,
13275,Ty Simpson,QB,LAR,11,22.59,0,,,298.13,2.6,0.8,18.41,0.03,,,,0.08,,,,,,,
2307,Marcus Mariota,QB,WAS,7,17.15,,,,253.93,1.98,0.84,7.89,0.03,,,,0.11,,,,,,,
12500,Quinn Ewers,QB,JAX,7,11.82,,,,180.61,1.34,0.87,11.74,0.01,,,,0.13,,,,,,,
12470,Riley Leonard,QB,IND,13,11.96,,,,192.74,1.28,0.5,11.48,0.03,,,,0.6,,,,,,,
11565,J.J. McCarthy,QB,MIN,6,11.42,0,1,,196.04,0.99,0.89,14.38,0.03,,,,0.11,,,,,,,
7591,Justin Fields,QB,KC,5,11.23,0,,,175.17,0.98,0.81,18.44,0.05,,,,0.11,,,,,,,
2306,Jameis Winston,QB,NYG,8,10.4,,,,194.31,1.31,1.3,10.88,0.01,,,,0.58,,,,,,,
11292,Tommy DeVito,QB,NE,11,11.35,0,,,153.55,1,0.21,15.25,0.04,,,,0.07,,,,,,,
11256,Tyson Bagent,QB,CHI,10,11.32,,,,169.86,1.01,0.18,8.66,0.03,,,,0.1,,,,,,,
827,Tyrod Taylor,QB,GB,11,10.92,,,,166.54,0.96,0.51,14.19,0.03,,,,0.08,,,,,,,
6136,Jarrett Stidham,QB,DEN,10,10.98,,,,152.69,1.05,0.3,12.89,0.03,,,,0.1,,,,,,,
7585,Davis Mills,QB,HOU,8,10.53,,,,175.83,0.93,0.52,8.95,0.01,,,,0.07,,,,,,,
4179,Joshua Dobbs,QB,DET,6,10.35,,,,156.54,0.96,0.3,7.89,0.05,,,,0.12,,,,,,,
7083,Tyler Huntley,QB,BAL,13,10.35,,,,130.81,0.93,0.26,18.74,0.03,,,,0.07,,,,,,,
7527,Mac Jones,QB,SF,8,9.99,,,,160.19,0.98,0.52,8.41,0,,,,0.07,,,,,,,
7610,Trey Lance,QB,LAC,7,9.64,,,,148.25,0.99,0.79,12.92,0.03,,,,0.07,,,,,,,
9229,Anthony Richardson,QB,IND,13,10.4,,,,110,1,0,20,0,,,,0,,,,,,,
9230,Tanner McKee,QB,PHI,10,10.09,,,,140.98,0.98,0.25,9.87,0.02,,,,0.04,,,,,,,
19,Joe Flacco,QB,CIN,6,9.48,0,,,169.4,1.16,0.85,8.59,0.01,,,,0.58,,,,,,,
8160,Kenny Pickett,QB,CAR,5,9.43,,,,157.83,0.95,0.82,10.58,0.01,,,,0.08,,,,,,,
13425,Jalon Daniels,QB,TB,10,10.08,0,,,140.11,1.02,0.23,7.75,0.04,,,,0.08,,,,,,,
11562,Spencer Rattler,QB,NO,8,9.47,,,,156.69,0.91,0.76,12.06,0.01,,,,0.09,,,,,,,
8162,Sam Howell,QB,DAL,14,9.44,,,,144.26,1.04,0.72,6.93,0.08,,,,0.11,,,,,,,
5854,Drew Lock,QB,SEA,11,9.24,,,,146.65,0.91,0.79,13.1,0.03,,,,0.09,,,,,,,
829,Andy Dalton,QB,PHI,10,9.9,,,,140,1,0,23,0,,,,1,,,,,,,
13289,Drew Allar,QB,PIT,9,9.37,,,,160.22,0.86,0.5,5.65,0.05,,,,0.17,,,,,,,
6011,Gardner Minshew,QB,ARI,14,9.41,0,,,147.75,0.82,0.3,8.78,0.02,,,,0.09,,,,,,,
13303,Cade Klubnik,QB,NYJ,13,8.78,,1,,136.92,0.92,0.61,8.22,0.03,,,,0.08,,,,,,,
13335,Cole Payton,QB,PHI,10,9.2,,,,105,1,0,10,0,,,,0,,,,,,,
5127,Kyle Allen,QB,BUF,7,8.46,,,,138.42,0.97,0.57,3.65,0.01,,,,0.12,,,,,,,
3976,Mitchell Trubisky,QB,TEN,9,8.7,,,,138.56,0.84,0.36,4.75,0.03,,,,0.07,,,,,,,
12510,Jalen Milroe,QB,SEA,11,8.96,,,,89,1,0,14,0,,,,0,,,,,,,
12494,Kyle McCord,QB,MIA,6,7.25,,,,123.93,0.79,0.75,6.76,0.02,,,,0.08,,,,,,,
11557,Joe Milton,QB,DAL,14,5.64,,,,88.5,0.5,0.5,11,0,,,,0,,,,,,,
12511,Will Howard,QB,PIT,9,5.07,,,,93,0.5,0.5,3.5,0,,,,0,,,,,,,
4972,Mason Rudolph,QB,PIT,9,5.55,,,,67.5,0.5,0,8.5,0,,,,0,,,,,,,
10857,Stetson Bennett,QB,LAR,11,5.2,,,,67.5,0.5,0,5,0,,,,0,,,,,,,
12538,Brady Cook,QB,,,4.43,,,,62,0.5,0.5,9.5,0,,,,0,,,,,,,
260,Josh Johnson,QB,CIN,6,0,,,,0,0,0,0,0,,,,0,,,,,,,
4464,Nick Mullens,QB,JAX,7,0,,,,0,0,0,0,0,,,,0,,,,,,,
6111,Jake Browning,QB,,,0,,,,0,0,0,0,0,,,,0,,,,,,,
8159,Desmond Ridder,QB,,,0,,,,0,0,0,0,0,,,,0,,,,,,,
10866,Aidan O'Connell,QB,LV,13,0,,,,0,0,0,0,0,,,,0,,,,,,,
9221,Jahmyr Gibbs,RB,DET,6,337.45,70.7,59,73.5,,,,1383.71,13.8,581.13,4.13,71.3,1.13,,,,,,,
9509,Bijan Robinson,RB,ATL,11,318.15,68.4,56,71.5,,,,1391.12,8.81,705.56,3.46,76.93,1.8,,,,,,,
6813,Jonathan Taylor,RB,IND,13,288.66,58.7,40,59.2,,,,1505.78,12.85,340.96,1.49,42.81,1.73,,,,,,,
3198,Derrick Henry,RB,BAL,13,265.81,43.1,29,40.3,,,,1577.22,13.44,175,0.73,18.13,1.75,,,,,,,
4034,Christian McCaffrey,RB,SF,8,295.45,56.6,42,59.8,,,,1093.58,8.71,693.01,4.57,78.63,1.1,,,,,,,
8138,James Cook,RB,BUF,7,254.08,54.2,41,54.2,,,,1405.58,10.35,283.45,1.87,33.31,2.4,,,,,,,
9226,De'Von Achane,RB,MIA,6,260.01,49.5,34,43.8,,,,1200.82,6.03,491.84,3.96,65.52,0.98,,,,,,,
4866,Saquon Barkley,RB,PHI,10,243.83,47.9,34,48.9,,,,1298.35,8.22,330.64,2.1,42.07,1.01,,,,,,,
9224,Chase Brown,RB,CIN,6,246.68,43.8,42,46.1,,,,1036.65,7.79,427.41,3.94,64.11,1.08,,,,,,,
8151,Kenneth Walker,RB,KC,5,236.36,36.6,37,43.7,,,,1207.09,8.67,352.68,1.23,45.76,0.95,,,,,,,
7588,Javonte Williams,RB,DAL,14,223.85,27.4,24,23.7,,,,1195.75,10.71,193.94,1.17,33.64,1.61,,,,,,,
12507,Omarion Hampton,RB,LAC,7,228.91,42.8,39,43.8,,,,1035.55,9.46,342.41,1.92,49.87,1.05,,,,,,,
12527,Ashton Jeanty,RB,LV,13,231.82,37.8,41,43.6,,,,1037.99,7.34,399.27,3,56.54,1.11,,,,,,,
8150,Kyren Williams,RB,LAR,11,218.55,26.1,22,27,,,,1095.68,9.73,237.04,2.21,33.48,1.55,,,,,,,
8155,Breece Hall,RB,NYJ,13,222.33,25.7,23,22.2,,,,1113.12,6.21,404.49,2.25,46.42,1.7,,,,,,,
13287,Jeremiyah Love,RB,ARI,14,224.36,33.6,23,27.8,,,,1048.96,6.86,428.33,2.08,54.62,2.16,,,,,,,
7543,Travis Etienne,RB,NO,8,214.18,21.4,22,17.8,,,,1069.6,5.38,358.28,3.04,45.74,1,,,,,,,
12481,Cam Skattebo,RB,NYG,8,212.64,18.4,19,16.7,,,,988.95,7.95,342.88,2.16,43.87,1.57,,,,,,,
6790,D'Andre Swift,RB,CHI,10,205.53,16.1,17,14.5,,,,1050.13,8.04,303.78,1.04,35.24,0.98,,,,,,,
12512,Quinshon Judkins,RB,CLE,11,199.82,17.9,17,11.5,,,,1105.75,8.1,223.48,0.58,33.04,0.85,,,,,,,
12490,Bhayshul Tuten,RB,JAX,7,194.78,13.2,18,9.6,,,,980.2,8.58,222.19,2.14,29.24,2.2,,,,,,,
11584,Bucky Irving,RB,TB,10,199.73,14.4,15,11.2,,,,1004.72,5.77,333.02,2.25,39.6,0.98,,,,,,,
5892,David Montgomery,RB,HOU,8,182.97,12.3,20,12.2,,,,978.16,7.78,228.67,0.54,30.86,1.53,,,,,,,
13286,Jadarian Price,RB,SEA,11,174.48,13,14,9.6,,,,912.21,7.63,220.11,1.08,26.02,2.01,,,,,,,
6806,J.K. Dobbins,RB,DEN,10,166.28,3.2,6,2.5,,,,1027.5,6.86,104.41,0.61,19.45,0.73,,,,,,,
12529,TreVeyon Henderson,RB,NE,11,173.88,7.5,14,7.5,,,,852.3,6.9,244.3,1.15,35.24,0.85,,,,,,,
5967,Tony Pollard,RB,TEN,9,171.69,5.2,8,3.5,,,,1032.7,5.48,208.14,0.5,31.9,2.11,,,,,,,
8228,Jaylen Warren,RB,PIT,9,174.82,4.7,9,4.3,,,,833.06,4.86,321.65,1.82,42.37,0.96,,,,,,,
7611,Rhamondre Stevenson,RB,NE,11,171.13,6.7,8,4,,,,723.08,6.6,334.81,1.7,39.48,2.1,,,,,,,
7021,Rico Dowdle,RB,PIT,9,165.07,4.1,7,3.4,,,,875.63,5.87,221.9,1.03,31.75,0.98,,,,,,,
7594,Chuba Hubbard,RB,CAR,5,156.18,2.6,5,3.7,,,,736.94,4.99,255.92,1.8,36.03,0.93,,,,,,,
11583,Jonathon Brooks,RB,CAR,5,153.2,4.1,12,4.1,,,,792.58,5.19,235.57,1.13,30.88,1.49,,,,,,,
11581,MarShawn Lloyd,RB,GB,11,146.05,3.5,5,3.6,,,,792.71,6.47,156.41,0.98,20.23,1.84,,,,,,,
12533,Jacory Croskey-Merritt,RB,WAS,7,141.03,1.9,5,2,,,,831.05,7.47,91.23,0.22,12.33,1.75,,,,,,,
12534,Kyle Monangai,RB,CHI,10,144.49,2,5,2.2,,,,814.43,5.15,195.24,0.43,22.97,0.72,,,,,,,
8408,Jordan Mason,RB,MIN,6,138.34,2.2,6,2.3,,,,879.28,6.18,75.84,0.11,14.49,1.08,,,,,,,
11586,Blake Corum,RB,LAR,11,134.7,2.7,8,2.9,,,,822.53,6.44,80.58,0.2,11.9,0.7,,,,,,,
8136,Rachaad White,RB,WAS,7,143.24,1.6,7,1.4,,,,605.21,5.35,247.69,1.6,35.75,0.81,,,,,,,
5850,Josh Jacobs,RB,GB,11,134.13,15.6,17,20.6,,,,661.51,6.2,163.41,1.02,20.56,0.98,,,,,,,
7567,Kenny Gainwell,RB,TB,10,146.68,2.9,7,1.9,,,,512.08,4.2,351.62,2.01,49.7,0.9,,,,,,,
4199,Aaron Jones,RB,MIN,6,141.12,2.1,3,1.6,,,,639.1,3.09,301.25,1.7,40.76,1.02,,,,,,,
12489,RJ Harvey,RB,DEN,10,139.09,1.9,6,2.3,,,,406.2,3.95,341.5,3.18,45.91,0.71,,,,,,,
12474,Woody Marks,RB,HOU,8,113.69,1,3,1.2,,,,567.27,2.7,197.23,1.78,24.08,0.84,,,,,,,
9753,Zach Charbonnet,RB,SEA,11,107.53,1.2,3,2,,,,513.75,5.29,136.33,0.48,18.44,0.66,,,,,,,
8205,Isiah Pacheco,RB,DET,6,103.48,0.6,2,1.2,,,,579.46,3.4,120.65,0.8,19.45,0.73,,,,,,,
9508,Tyjae Spears,RB,TEN,9,115.05,0.9,2,1.1,,,,379.07,2.98,306.02,1.2,45.84,0.73,,,,,,,
10219,Chris Rodriguez,RB,JAX,7,92.95,0.5,3,1.2,,,,561.22,5.14,42.84,0.05,5.37,0.64,,,,,,,
4035,Alvin Kamara,RB,NO,8,100.62,0.6,2,1.3,,,,439.89,2.37,223.33,0.95,31.91,0.79,,,,,,,
13305,Mike Washington,RB,LV,13,92.83,0.9,3,3,,,,489.68,3.14,145.47,0.65,17.94,1.2,,,,,,,
11576,Braelon Allen,RB,NYJ,13,89.66,0.3,2,1.2,,,,448.88,4.47,100.75,0.72,13.88,1.69,,,,,,,
5995,Justice Hill,RB,BAL,13,98.79,0.2,1,,,,,296.4,2.32,283.14,1.84,32.72,0.24,,,,,,,
6828,AJ Dillon,RB,CAR,5,90.8,,1,,,,,532,3,146,1,18,5,,,,,,,
8154,Brian Robinson,RB,ATL,11,82.42,1.2,1,17.9,,,,516.81,3.89,46.71,0.1,7.25,0.75,,,,,,,
9225,Tank Bigsby,RB,PHI,10,80.24,0.3,2,1.2,,,,510.71,4.18,31.83,0.07,3.82,0.71,,,,,,,
4147,Samaje Perine,RB,CIN,6,87.08,0.1,1,,,,,441.3,3.67,135.58,0.37,17.91,1.9,,,,,,,
13414,Kaelon Black,RB,SF,8,83.36,0.2,2,1.2,,,,452.07,3.6,95.25,0.68,10.57,1.17,,,,,,,
8132,Tyler Allgeier,RB,ARI,14,86.46,0.6,3,1.3,,,,416.51,4.18,111.81,0.2,17.18,0.62,,,,,,,
12469,Dylan Sampson,RB,CLE,11,92.02,0.2,2,,,,,256.71,1.36,291.69,2.07,37.95,1.19,,,,,,,
6039,Ty Johnson,RB,BUF,7,83.01,0,1,,,,,222.52,2.07,244.07,2.15,22.82,0.19,,,,,,,
9511,Keaton Mitchell,RB,LAC,7,76.63,0.4,3,1.2,,,,432.82,2.21,114.47,0.39,15.52,0.73,,,,,,,
8800,Malik Davis,RB,DAL,14,71.37,0,1,,,,,421.95,3.07,67.17,0.16,8.63,0.62,,,,,,,
7528,Najee Harris,RB,NYG,8,68.96,0.1,1,,,,,391.83,2.64,75.55,0.2,11.05,0.17,,,,,,,
11655,Tyrone Tracy,RB,NYG,8,72.31,0.1,3,1.2,,,,351.96,1.5,147.27,0.8,19.62,0.61,,,,,,,
11370,Chris Brooks,RB,GB,11,70.31,0,1,,,,,386.75,1.89,113.82,0.35,16.06,0.61,,,,,,,
12467,Jordan James,RB,SF,8,69.01,0.1,1,,,,,322.5,2.51,133.01,0.59,14.04,1.08,,,,,,,
11647,Kimani Vidal,RB,LAC,7,53.11,0.1,1,,,,,234.7,1.55,104.02,0.69,11.92,0.08,,,,,,,
11643,Jaylen Wright,RB,MIA,6,48.33,0,1,,,,,318.24,1.59,52.55,0.1,7.22,1.25,,,,,,,
11435,Emanuel Wilson,RB,SEA,11,47.38,,1,,,,,289.49,1.71,52.13,0.03,7.68,0.53,,,,,,,
12455,Brashard Smith,RB,KC,5,52.88,0,1,,,,,180.42,1.12,131.69,0.98,18.69,0.14,,,,,,,
13345,Jonah Coleman,RB,DEN,10,44.31,0.6,3,1.3,,,,203.06,1.56,74.75,0.4,10.22,0.17,,,,,,,
4137,James Conner,RB,ARI,14,40.5,0,1,1.1,,,,108.5,1,106.5,1,14,0,,,,,,,
11571,Isaiah Davis,RB,NYJ,13,38.47,0,1,,,,,174.6,1.17,78.71,0.21,9.96,0.06,,,,,,,
13337,Emmett Johnson,RB,KC,5,35.71,0.1,2,1.5,,,,191.95,1.48,41.15,0.2,5.2,0.14,,,,,,,
13302,Adam Randall,RB,BAL,13,35.25,0,1,,,,,169.5,1,70.5,0.5,6.5,0.5,,,,,,,
10235,Roschon Johnson,RB,CHI,10,32.9,,1,,,,,116,3,18,0,3,0,,,,,,,
1379,Kyle Juszczyk,FB,SF,8,42.92,,,,,,,10.29,0.08,208.83,1.47,23.69,0.07,,,,,,,
9506,Sean Tucker,RB,TB,10,31.39,0,1,,,,,163.61,2.22,10.2,0.04,1.49,0.15,,,,,,,
12544,LeQuint Allen,RB,JAX,7,36.23,,1,,,,,126.01,0.6,99.21,0.43,15.34,0.07,,,,,,,
13424,Seth McGowan,RB,IND,13,30.89,0,1,,,,,140.1,1.53,42.24,0.17,5.28,0.09,,,,,,,
12048,George Holani,RB,SEA,11,29.98,0,1,,,,,141.08,1.27,46.11,0.14,6.01,0.1,,,,,,,
11199,Emari Demercado,RB,DAL,14,27.2,0,1,,,,,206,0,41,0,5,0,,,,,,,
11575,Ray Davis,RB,BUF,7,25.65,0.2,2,1.1,,,,150.65,0.54,39.01,0.2,4.88,0.1,,,,,,,
12491,Corey Kiner,RB,NE,11,23.9,,,,,,,149,1,20,0,2,0,,,,,,,
12495,Ollie Gordon,RB,MIA,6,23.38,0,1,,,,,137.57,1.1,15.91,0.06,2.46,0.08,,,,,,,
9757,Kendre Miller,RB,NO,8,22.6,0,1,,,,,119.91,1.25,16.77,0.04,2.5,0.03,,,,,,,
11579,Audric Estime,RB,NO,8,22.1,,1,,,,,122,1,24,0,3,0,,,,,,,
11237,Jacob Saylors,RB,DET,6,21.99,,,,,,,100.74,0.97,30.12,0.2,4.2,0.11,,,,,,,
13423,Eli Heidenreich,RB,PIT,9,20.8,,,,,,,117,1,21,0,2,0,,,,,,,
2359,Ameer Abdullah,RB,JAX,7,22.7,,,,,,,71,1,56,0,8,0,,,,,,,
13405,Kaytron Allen,RB,WAS,7,20,0,2,,,,,110.83,0.72,25.65,0.1,3.03,0.04,,,,,,,
12472,Raheim Sanders,RB,CLE,11,19.4,,,,,,,107,1,17,0,2,0,,,,,,,
12543,Tahj Brooks,RB,CIN,6,18.21,,1,,,,,128.12,0.94,0,0,0,0.12,,,,,,,
13288,Nicholas Singleton,RB,TEN,9,18.57,0,1,,,,,93.82,0.78,25.57,0.08,3.15,0.05,,,,,,,
13347,Demond Claiborne,RB,MIN,6,18.5,0,2,,,,,96.25,0.71,25.25,0.09,3.26,0.04,,,,,,,
11510,Hunter Luepke,FB,DAL,14,20.66,,,,,,,56.37,0.44,61.57,0.35,8.58,0.08,,,,,,,
11577,Will Shipley,RB,PHI,10,21.93,0,1,,,,,39.53,0.3,83.4,0.4,11.31,0.11,,,,,,,
12471,DJ Giddens,RB,IND,13,17.13,0,1,,,,,92.88,0.69,19.98,0.08,2.6,0.04,,,,,,,
11570,Rasheen Ali,RB,BAL,13,16.88,,,,,,,54.48,0.22,40.72,0.58,5.27,0.04,,,,,,,
2471,Michael Burton,FB,CLE,11,14.01,,,,,,,13.84,0.55,33.33,0.58,5.11,0.02,,,,,,,
11651,Isaac Guerendo,RB,SF,8,11.3,,,,,,,61,0.5,14.5,0,1.5,0,,,,,,,
6130,Devin Singletary,RB,NYG,8,10.25,,1,,,,,65,0.5,5,0,0.5,0,,,,,,,
7720,Kene Nwangwu,RB,NYJ,13,9.8,,,,,,,66,0.5,2,0,0,0,,,,,,,
6109,Alec Ingold,FB,LAC,7,12.43,,,,,,,8.6,0.08,58.66,0.23,7.92,0.06,,,,,,,
8122,Zonovan Knight,RB,ARI,14,9.05,,,,,,,43,0.5,10,0,1.5,0,,,,,,,
12504,Kaleb Johnson,RB,GB,11,7.21,0.1,1,,,,,33.21,0.3,10.29,0.07,1.43,0.04,,,,,,,
8025,Adam Prentice,FB,DEN,10,8.39,,,,,,,17.4,0.13,29.82,0.15,4.13,0.04,,,,,,,
13516,Max Bredeson,RB,MIN,6,7.38,,,,,,,8.5,0.06,29.49,0.17,4.52,0.03,,,,,,,
7204,Reggie Gilliam,RB,NE,11,5.9,,,,,,,0,0,29.87,0.15,4.1,0.02,,,,,,,
4353,Patrick Ricard,FB,NYG,8,5.37,,,,,,,0,0,26.79,0.13,3.9,0.02,,,,,,,
12171,British Brooks,RB,HOU,8,2.36,,,,,,,18.01,0.1,0,0,0,0.02,,,,,,,
6931,DeeJay Dallas,RB,MIN,6,0,,,,,,,0,0,0,0,0,0,,,,,,,
8143,Jerome Ford,RB,WAS,7,0,,,,,,,0,0,0,0,0,0,,,,,,,
12476,Devin Neal,RB,NO,8,0,,1,,,,,0,0,0,0,0,0,,,,,,,
8208,Tyler Badie,RB,DEN,10,0,,,,,,,0,0,0,0,0,0,,,,,,,
11589,Trey Benson,RB,ARI,14,0,,1,,,,,0,0,0,0,0,0,,,,,,,
12531,Trevor Etienne,RB,CAR,5,0,0,,,,,,0,0,0,0,0,0,,,,,,,
11574,Dylan Laube,RB,LV,13,0,,1,,,,,0,0,0,0,0,0,,,,,,,
11729,Sione Vaki,RB,DET,6,0,,,,,,,0,0,0,0,0,0,,,,,,,
11963,Chris Collier,RB,LV,13,0,,,,,,,0,0,0,0,0,0,,,,,,,
9493,Puka Nacua,WR,LAR,11,281,60.2,51,61.3,,,,85,1.34,1539,9,117,0.97,,,,,,,
9488,Jaxon Smith-Njigba,WR,SEA,11,270.54,60.1,47,58.6,,,,30.39,0.06,1567.91,9.51,110.9,1.08,,,,,,,
7564,Ja'Marr Chase,WR,CIN,6,275.23,62.8,54,64.4,,,,16.96,0.05,1511.39,10.57,121.27,0.98,,,,,,,
7547,Amon-Ra St. Brown,WR,DET,6,261.22,57.9,47,56.6,,,,11.82,0.04,1391.04,10.47,117.43,0.42,,,,,,,
8112,Drake London,WR,ATL,11,227.12,37.4,37,37.7,,,,0,0,1272.91,8.76,98.37,0.96,,,,,,,
6786,CeeDee Lamb,WR,DAL,14,224,51.2,42,50.7,,,,12.55,0.04,1294.61,7.52,97.16,0.33,,,,,,,
6794,Justin Jefferson,WR,MIN,6,221.39,50.8,43,47.1,,,,5.55,0.03,1310.81,6.81,98.83,0.35,,,,,,,
10229,Rashee Rice,WR,KC,5,219.16,29.6,29,22.2,,,,25.94,0.86,1069.2,9.56,96.49,0.56,,,,,,,
8137,George Pickens,WR,DAL,14,210.59,29.9,31,31.8,,,,-0.33,0,1200.39,8.39,82.28,0.45,,,,,,,
5859,A.J. Brown,WR,NE,11,212.74,37.2,38,31.7,,,,0,0,1233.53,7.69,87.66,0.29,,,,,,,
8144,Chris Olave,WR,NO,8,216.04,29.6,31,24.5,,,,0,0,1196.01,8.2,95.72,0.31,,,,,,,
7569,Nico Collins,WR,HOU,8,209.11,33.1,33,35.1,,,,8.27,0.36,1209.72,7.59,82.59,0.84,,,,,,,
9997,Zay Flowers,WR,BAL,13,201.04,20.2,29,18.9,,,,58.78,0.48,1156.63,6.5,81.23,1.5,,,,,,,
11632,Malik Nabers,WR,NYG,8,199.83,27.4,29,27.1,,,,8.34,0.05,1079.61,8.41,82.08,0.38,,,,,,,
12514,Emeka Egbuka,WR,TB,10,191.56,20.6,28,14.1,,,,7.29,0.03,1096.93,7.49,73.2,0.29,,,,,,,
2133,Davante Adams,WR,LAR,11,187.77,17.5,16,9.8,,,,0,0,925.18,10.2,68.87,0.19,,,,,,,
8148,Jameson Williams,WR,DET,6,185.19,10.5,19,6.6,,,,42.05,0.53,1065.8,6.57,64.44,0.21,,,,,,,
12526,Tetairoa McMillan,WR,CAR,5,193.1,20,25,16.5,,,,0,0,1145.12,6.64,81.1,0.9,,,,,,,
6801,Tee Higgins,WR,CIN,6,186.2,16.5,25,21,,,,0,0,965.33,9.12,70.77,0.22,,,,,,,
7525,DeVonta Smith,WR,PHI,10,193.04,23.5,30,25.2,,,,0,0,1136.49,6.01,87.83,0.29,,,,,,,
8146,Garrett Wilson,WR,NYJ,13,194.8,23.3,25,13.9,,,,4.26,0.03,1095.5,6.42,96.44,1.05,,,,,,,
11620,Rome Odunze,WR,CHI,10,174.11,10.6,19,6.3,,,,1.33,0,964.92,7.8,62.62,0.31,,,,,,,
5927,Terry McLaurin,WR,WAS,7,174.98,11.5,21,10.3,,,,0.33,0,971.09,7.36,68.59,0.31,,,,,,,
8167,Christian Watson,WR,GB,11,168.25,5.8,20,6.1,,,,8.61,0.05,923.27,7.72,57.97,0.27,,,,,,,
4983,DJ Moore,WR,BUF,7,173.57,12.8,23,9,,,,54.01,0.46,904.57,7,69.06,0.79,,,,,,,
11635,Ladd McConkey,WR,LAC,7,178.57,20.4,29,15,,,,0,0,1009.07,6.44,79.2,0.29,,,,,,,
7526,Jaylen Waddle,WR,DEN,10,173.21,16.6,26,16.3,,,,12.39,0.03,991.95,6,74.51,0.33,,,,,,,
8142,Alec Pierce,WR,IND,13,163.66,3.1,8,2.6,,,,0,0,974.88,6.42,56.31,0.25,,,,,,,
12519,Luther Burden,WR,CHI,10,171.72,8.8,26,10.5,,,,37.94,0.13,974.49,5.68,72.59,0.34,,,,,,,
5045,Courtland Sutton,WR,DEN,10,164.84,5.6,7,1.7,,,,0,0,884.42,7.2,67.39,0.25,,,,,,,
5846,DK Metcalf,WR,PIT,9,163.01,5.4,7,2.3,,,,3.33,0.33,926.35,6.07,64.25,0.24,,,,,,,
2216,Mike Evans,WR,SF,8,163.08,6.2,16,6,,,,0,0,914.46,6.6,64.86,0.2,,,,,,,
11628,Marvin Harrison,WR,ARI,14,163.2,6.9,14,3.7,,,,0,0,946.24,6.01,66.24,0.3,,,,,,,
11631,Brian Thomas,WR,JAX,7,152.05,2.8,12,2.7,,,,17.72,0.39,870.9,5.36,58.02,0.16,,,,,,,
9487,Parker Washington,WR,JAX,7,153.02,6,18,4.3,,,,13.66,0.09,862.47,5.73,62.57,0.4,,,,,,,
9754,Quentin Johnston,WR,LAC,7,143.02,2,9,1.4,,,,5.94,0.03,756.24,6.88,53.6,0.73,,,,,,,
9756,Jordan Addison,WR,MIN,6,141.42,2.2,5,1.2,,,,37.15,0.37,758.33,5.41,55.31,0.23,,,,,,,
10222,Jayden Reed,WR,GB,11,145.41,1.3,7,1.2,,,,94.48,0.15,752.82,4.83,63.19,0.4,,,,,,,
13279,Carnell Tate,WR,TEN,9,145.77,6.8,13,3.3,,,,3,0,887.04,4.49,65.17,1.38,,,,,,,
11624,Xavier Worthy,WR,KC,5,139.93,1.6,3,1.1,,,,101.41,0.86,721.78,4.2,55.18,0.17,,,,,,,
5947,Jakobi Meyers,WR,JAX,7,144.58,1.6,4,1.1,,,,22.67,0.1,787.25,5.08,68.26,0.81,,,,,,,
13417,De'Zhaun Stribling,WR,SF,8,138.44,2.2,6,2.4,,,,6.5,0,829.25,4.89,56.13,1.27,,,,,,,
10232,Michael Wilson,WR,ARI,14,144.11,3,8,1.8,,,,0.67,0,839.66,4.46,67.51,0.22,,,,,,,
6819,Michael Pittman,WR,PIT,9,149.96,4.3,9,1.3,,,,0,0,805.59,4.97,80.48,0.33,,,,,,,
12501,Matthew Golden,WR,GB,11,137.36,2.5,6,1.2,,,,30.77,0.06,780.1,4.61,57.99,0.37,,,,,,,
4037,Chris Godwin,WR,TB,10,141.79,2.2,10,2,,,,0.33,0,773.42,5.18,67.78,0.28,,,,,,,
5872,Deebo Samuel,WR,SF,8,135.36,1.2,3,1.3,,,,112.13,1.07,638.81,4.36,56.85,0.37,,,,,,,
8676,Rashid Shaheed,WR,SEA,11,131.76,0.7,2,1.1,,,,88.87,0.26,754.71,3.75,49.92,0.81,,,,,,,
8121,Romeo Doubs,WR,NE,11,135.25,1,4,1.1,,,,0,0,745.09,5.45,57.13,0.26,,,,,,,
4981,Calvin Ridley,WR,TEN,9,124.76,0.3,1,,,,,27.54,0.63,761.73,3.19,46.66,0.21,,,,,,,
2449,Stefon Diggs,WR,WAS,7,135.06,2.9,6,1.7,,,,0.67,0,761.14,4.21,68.27,0.26,,,,,,,
13298,KC Concepcion,WR,CLE,11,132.78,1.4,5,1.3,,,,22.46,0.11,792.54,3.56,63.83,1.33,,,,,,,
8126,Wan'Dale Robinson,WR,TEN,9,139.04,2.2,7,1.3,,,,9.49,0.05,805.09,2.98,79.93,0.28,,,,,,,
13294,Makai Lemon,WR,PHI,10,124.11,1.6,5,1.4,,,,6.5,0,736.76,4.34,52.56,1.27,,,,,,,
11646,Jalen Coker,WR,CAR,5,127.06,0.8,4,1.1,,,,0,0,716.84,4.49,60.08,0.8,,,,,,,
6783,Jerry Jeudy,WR,CLE,11,125.98,0.3,2,,,,,2,0,775.37,3.37,58.96,0.73,,,,,,,
7571,Rashod Bateman,WR,BAL,13,114.79,0.2,1,,,,,0,0,598.19,5.98,38.83,0.16,,,,,,,
8134,Khalil Shakir,WR,BUF,7,130.01,1.1,3,1.1,,,,5.51,0.04,725.75,3.9,69.69,0.8,,,,,,,
9500,Josh Downs,WR,IND,13,129.41,1.4,10,1.4,,,,4.24,0.03,704.63,4.23,69.04,0.78,,,,,,,
13346,Denzel Boston,WR,CLE,11,122.16,0.3,2,1.3,,,,5,0,737.62,3.48,59.2,1.29,,,,,,,
10213,Tre Tucker,WR,LV,13,116.95,0.4,1,1.1,,,,54.65,0.16,631.79,3.76,50.17,0.15,,,,,,,
9504,Kayshon Boutte,WR,HOU,8,113.73,0.1,1,,,,,0,0,628.18,4.8,45.07,0.21,,,,,,,
13293,Ja'Kobi Lane,WR,BAL,13,110.59,0.3,3,1.2,,,,8.5,0,591.64,5.39,39.2,0.68,,,,,,,
11618,Jalen McMillan,WR,TB,10,110.43,0.5,2,,,,,26.79,0.11,606.13,3.93,46.63,0.21,,,,,,,
7049,Jauan Jennings,WR,MIN,6,109.9,0.1,1,1.1,,,,0,0,557.7,5.19,48.9,0.73,,,,,,,
8180,Jalen Nailor,WR,LV,13,105.36,0.3,2,1.1,,,,9.01,0.04,587.84,4.01,43.63,0.22,,,,,,,
1479,Keenan Allen,WR,IND,13,112.42,0.4,1,1.2,,,,0,0,606.9,3.85,58.42,0.29,,,,,,,
11834,Devaughn Vele,WR,NO,8,102.28,0.1,1,,,,,0,0,567.44,3.68,47.72,0.2,,,,,,,
4039,Cooper Kupp,WR,SEA,11,101.36,0.2,1,1,,,,1.5,0,583.81,3.41,47.42,0.67,,,,,,,
12536,Jaylin Noel,WR,HOU,8,97.49,0.1,1,,,,,17.59,0.06,517,3.6,45.26,0.28,,,,,,,
11625,Adonai Mitchell,WR,NYJ,13,94.53,0.2,2,,,,,5.08,0.06,551.79,3.33,40,0.75,,,,,,,
13281,Jordyn Tyson,WR,NO,8,89.4,0.6,7,1.9,,,,4,0,538.63,2.85,38.79,0.68,,,,,,,
9486,Dontayvion Wicks,WR,PHI,10,88.55,0.2,2,,,,,0,0,520.13,2.93,39.67,0.44,,,,,,,
13301,Antonio Williams,WR,WAS,7,86.31,0,1,,,,,18.66,0.1,495.87,3.14,35.43,1.15,,,,,,,
13274,Germie Bernard,WR,PIT,9,88.52,0.1,1,,,,,10.83,0.04,507.56,2.88,41.21,0.72,,,,,,,
13311,Chris Bell,WR,MIA,6,88,0,1,,,,,5.5,0,516.08,2.82,40.57,0.68,,,,,,,
8188,Tyquan Thornton,WR,KC,5,80.04,0,1,,,,,0,0,466.46,3.48,25.42,0.1,,,,,,,
11610,Malik Washington,WR,MIA,6,88.53,0.1,2,,,,,80.42,0.72,410.72,2.35,45.15,0.79,,,,,,,
13296,Caleb Douglas,WR,MIA,6,84.75,0.2,2,,,,,5.5,0,507.37,2.55,39.21,0.72,,,,,,,
13276,Omar Cooper,WR,NYJ,13,84.06,0.1,1,,,,,12.49,0.06,458.48,3.12,38.48,0.68,,,,,,,
12530,Travis Hunter,WR,JAX,7,83.18,1.7,1,1.1,,,,10.81,0.07,451.63,3.05,38.08,0.41,,,,,,,
12497,Tory Horton,WR,SEA,11,79.24,0,1,,,,,3,0,400.47,4.16,30.31,0.61,,,,,,,
10218,Xavier Hutchinson,WR,HOU,8,83.16,,1,,,,,14.21,0.04,473.37,2.52,38.69,0.15,,,,,,,
6149,Darius Slayton,WR,NYG,8,79.21,0,1,,,,,8.65,0.04,503.91,1.91,35.19,0.67,,,,,,,
11627,Troy Franklin,WR,DEN,10,79.06,0,1,,,,,10.8,0.04,403.12,3.39,36.49,0.58,,,,,,,
12535,Isaac TeSlaa,WR,DET,6,72.42,0,1,1,,,,0,0,352.44,4.12,25.4,0.12,,,,,,,
11626,Xavier Legette,WR,CAR,5,75.83,0,1,,,,,10.85,0.06,416.89,2.59,35.72,0.35,,,,,,,
8119,Jahan Dotson,WR,ATL,11,74.91,0,1,,,,,0,0,443.32,2.25,35.16,0.25,,,,,,,
13420,Bryce Lance,WR,NO,8,73.64,,1,,,,,5,0,460.82,1.98,34.71,1.09,,,,,,,
11783,Ryan Flournoy,WR,DAL,14,72.22,0.1,2,,,,,12.42,0.1,383.05,2.65,33.82,0.37,,,,,,,
12509,Tre' Harris,WR,LAC,7,72.48,0.1,2,,,,,0,0,410.47,2.48,34.51,0.35,,,,,,,
10226,Andrei Iosivas,WR,CIN,6,69.63,,1,,,,,11.03,0.05,373.29,2.73,29.48,0.11,,,,,,,
8117,Jalen Tolbert,WR,MIA,6,71.65,0,1,,,,,0,0,442.13,1.74,35.31,0.33,,,,,,,
12499,Elic Ayomanor,WR,TEN,9,66.69,,1,,,,,0,0,342.24,3.31,25.42,0.05,,,,,,,
13317,Ted Hurst,WR,TB,10,68.21,0,1,,,,,6.5,0,389.26,2.57,28.9,0.62,,,,,,,
13285,Malachi Fields,WR,NYG,8,69.68,0.1,2,,,,,0,0,408.02,2.2,32.68,0.33,,,,,,,
5848,Marquise Brown,WR,PHI,10,67.34,0,1,,,,,0,0,352.05,3.02,28.31,0.07,,,,,,,
13329,Malik Benson,WR,LV,13,70.48,,1,,,,,4,0,419.04,1.96,35.32,0.62,,,,,,,
12540,Chimere Dike,WR,TEN,9,65.24,0.1,1,,,,,33.65,0.29,271.08,3.39,27.82,0.61,,,,,,,
9501,DeMario Douglas,WR,NE,11,66.27,0,1,,,,,21.47,0.16,365.5,2.04,30.22,0.37,,,,,,,
11637,Keon Coleman,WR,BUF,7,62.51,0,1,,,,,0,0,337.91,2.83,24.43,0.24,,,,,,,
13320,Zachariah Branch,WR,ATL,11,64.58,0.1,1,,,,,0,0,381.71,1.89,31.42,0.32,,,,,,,
6427,Ashton Dulin,WR,IND,13,55.51,,1,,,,,46.16,0.09,338.94,1.3,17.59,0.07,,,,,,,
7670,Joshua Palmer,WR,BUF,7,58.95,,,,,,,0,0,354.65,1.7,26.94,0.09,,,,,,,
8917,KaVontae Turpin,WR,DAL,14,53.98,0,,,,,,103.03,0.43,226.74,1.7,17.93,0.37,,,,,,,
12492,Pat Bryant,WR,DEN,10,58.29,0,2,,,,,0,0,320.23,2.11,28.38,0.29,,,,,,,
11629,Devontez Walker,WR,BAL,13,52.97,,,,,,,1.5,0,304.75,2.23,18.25,0.08,,,,,,,
9494,Marvin Mims,WR,DEN,10,54.74,0,,,,,,45.13,0.32,272.91,1.61,24.12,0.35,,,,,,,
7090,Darnell Mooney,WR,NYG,8,52.81,0,1,,,,,11.94,0.08,308.36,1.66,21.47,0.2,,,,,,,
13411,Zavion Thomas,WR,CHI,10,53.32,0,1,,,,,6.5,0,305.04,2.11,23.3,1.07,,,,,,,
13338,Kevin Coleman,WR,MIA,6,53.34,,,,,,,0,0,352.01,0.86,27.08,0.28,,,,,,,
13079,Jahdae Walker,WR,CHI,10,48.41,,,,,,,3.5,0,232.83,2.67,17.6,0.02,,,,,,,
3286,Demarcus Robinson,WR,SF,8,48.27,,,,,,,2.5,0,275.92,1.81,19.29,0.04,,,,,,,
12483,Jack Bech,WR,LV,13,51.94,0,1,,,,,0,0,315.16,1.19,27.69,0.28,,,,,,,
11650,Luke McCaffrey,WR,WAS,7,42.7,0,,,,,,0,0,221.05,2.25,14.35,0.04,,,,,,,
9502,Tank Dell,WR,HOU,8,44.65,0.5,1,,,,,20,0,241.5,1.5,19,0,,,,,,,
4177,Mack Hollins,WR,NE,11,45.82,,,,,,,0,0,257.8,1.61,21.48,0.18,,,,,,,
12547,Kyle Williams,WR,NE,11,42.22,,1,,,,,22.41,0.19,229.68,1.39,15.86,0.2,,,,,,,
13413,Cyrus Allen,WR,KC,5,42.98,0.1,2,,,,,0,0,245.04,1.53,19.39,0.2,,,,,,,
4950,Christian Kirk,WR,SF,8,43.75,0,1,,,,,0,0,242.5,1.5,21,0,,,,,,,
12860,Theo Wease,WR,LAC,7,39.1,,,,,,,0,0,233,1.3,16,0,,,,,,,
7587,Dyami Brown,WR,WAS,7,38.74,,,,,,,0,0,216.45,1.59,15.82,0.18,,,,,,,
8135,Treylon Burks,WR,WAS,7,37.15,,1,,,,,0,0,217.31,1.36,14.99,0.12,,,,,,,
12482,Savion Williams,WR,GB,11,34.4,,1,,,,,45.95,0.35,148.72,1.1,13.31,0.21,,,,,,,
4454,Kendrick Bourne,WR,ARI,14,38.79,,,,,,,0,0,239.12,0.66,22.75,0.23,,,,,,,
3634,Kalif Raymond,WR,CHI,10,36.93,,1,,,,,26.79,0.16,187.54,0.89,19.36,0.24,,,,,,,
12503,Isaiah Bond,WR,CLE,11,29.01,,1,,,,,23.55,0.12,151.72,0.89,11.44,0.15,,,,,,,
13402,Skyler Bell,WR,BUF,7,27.9,0,1,,,,,0,0,163.54,0.96,12.05,0.12,,,,,,,
7562,Tutu Atwell,WR,LAR,11,26.01,,,,,,,12.01,0.13,139.15,0.91,9.7,0.1,,,,,,,
13477,Colbie Young,WR,CIN,6,24.19,,,,,,,0,0,131.2,1,10.57,0.11,,,,,,,
13380,Brenen Thompson,WR,LAC,7,22.68,,,,,,,11.34,0.1,121.65,0.71,9.53,0.12,,,,,,,
6271,Olamide Zaccheaus,WR,ATL,11,24.84,,1,,,,,0,0,142.31,0.63,14.3,0.16,,,,,,,
11630,Roman Wilson,WR,PIT,9,22.93,,,,,,,0,0,134.99,0.63,11.78,0.12,,,,,,,
13268,Elijah Sarratt,WR,BAL,13,20.91,,1,,,,,0,0,123.59,0.76,8.34,0.09,,,,,,,
12641,Jaylin Lane,WR,WAS,7,21.18,,1,,,,,0,0,118.65,0.81,9.3,0.1,,,,,,,
11608,Isaiah Williams,WR,NYJ,13,21.62,,,,,,,12.69,0.11,114.46,0.44,11.77,0.14,,,,,,,
2078,Odell Beckham,WR,NYG,8,19.33,0.1,1,,,,,0,0,113.09,0.6,9.17,0.08,,,,,,,
12485,Tez Johnson,WR,TB,10,18.06,,1,,,,,23.24,0.21,77.47,0.6,6.66,0.1,,,,,,,
12523,Jimmy Horn,WR,CAR,5,17.87,,,,,,,37.04,0.17,75.54,0.42,6.63,0.12,,,,,,,
11623,Jordan Whittington,WR,LAR,11,17.61,,2,,,,,12.08,0.12,84.72,0.61,7.5,0.1,,,,,,,
12718,Konata Mumpfield,WR,LAR,11,16.1,,,,,,,0,0,83.72,0.76,6.62,0.07,,,,,,,
13533,Barion Brown,WR,NO,8,15.14,,,,,,,0,0,91.41,0.42,7.24,0.07,,,,,,,
12505,Jalen Royals,WR,KC,5,14.86,,,,,,,0,0,78.07,0.63,6.82,0.07,,,,,,,
12670,KeAndre Lambert-Smith,WR,LAC,7,14.55,,,,,,,0,0,80.6,0.57,6.42,0.07,,,,,,,
8204,Bo Melton,WR,GB,11,13.39,,1,,,,,12.7,0.08,65.84,0.44,5.11,0.07,,,,,,,
3155,Laquon Treadwell,WR,IND,13,13.69,,,,,,,0,0,78.26,0.41,7.09,0.07,,,,,,,
8250,Tay Martin,WR,DET,6,11.48,,,,,,,25.72,0.27,40.69,0.28,3.36,0.07,,,,,,,
11617,Malachi Corley,WR,CLE,11,11.17,,,,,,,43.88,0.21,33.69,0.11,3.35,0.09,,,,,,,
10234,Derius Davis,WR,LAC,7,8.58,,,,,,,11.03,0.07,38.09,0.27,3.49,0.06,,,,,,,
13264,Dohnte Meyers,WR,CIN,6,8.3,0,,,,,,0,0,42.53,0.38,3.7,0.04,,,,,,,
11168,Xavier Smith,WR,LAR,11,8.06,,,,,,,0,0,44.28,0.32,3.59,0.04,,,,,,,
12542,Efton Chism,WR,NE,11,7.8,,,,,,,0,0,42.7,0.31,3.5,0.04,,,,,,,
11616,Jacob Cowing,WR,SF,8,7.69,,,,,,,0,0,44.05,0.28,3.32,0.03,,,,,,,
10225,Jonathan Mingo,WR,DAL,14,6.92,,,,,,,0,0,40.54,0.25,2.86,0.03,,,,,,,
13394,Josh Cameron,WR,JAX,7,6.99,,,,,,,0,0,39.93,0.24,3.24,0.03,,,,,,,
13150,Darius Cooper,WR,PHI,10,6.84,,,,,,,0,0,37.68,0.25,3.26,0.03,,,,,,,
12496,Tai Felton,WR,MIN,6,6.93,,,,,,,0,0,36.99,0.24,3.74,0.04,,,,,,,
13297,Reggie Virgil,WR,ARI,14,6.38,,,,,,,0,0,39.23,0.14,3.36,0.03,,,,,,,
8527,Dareke Young,WR,LV,13,6.26,,,,,,,0,0,38.3,0.14,3.29,0.03,,,,,,,
11157,Brycen Tremayne,WR,CAR,5,6.15,,,,,,,0,0,36.03,0.16,3.29,0.03,,,,,,,
12539,Arian Smith,WR,NYJ,13,3.49,,,,,,,23.66,0.2,0,0,0,0.04,,,,,,,
7757,Ben Skowronek,WR,PIT,9,2.96,,,,,,,0,0,16.94,0.07,1.78,0.02,,,,,,,
11994,Kameron Johnson,WR,TB,10,1.83,,,,,,,12.07,0.11,0,0,0,0.02,,,,,,,
13491,Kaden Wetjen,WR,PIT,9,1.61,,,,,,,11.66,0.08,0,0,0,0.02,,,,,,,
5121,Braxton Berrios,WR,NYG,8,0,,,,,,,0,0,0,0,0,0,,,,,,,
6699,Gunner Olszewski,WR,NYG,8,0,,,,,,,0,0,0,0,0,0,,,,,,,
6847,Devin Duvernay,WR,ARI,14,0,,,,,,,0,0,0,0,0,0,,,,,,,
7595,Tylan Wallace,WR,CLE,11,0,,,,,,,0,0,0,0,0,0,,,,,,,
8200,Kevin Austin,WR,NO,8,0,,,,,,,0,0,0,0,0,0,,,,,,,
8168,Skyy Moore,WR,GB,11,0,,,,,,,0,0,0,0,0,0,,,,,,,
11921,Xavier Weaver,WR,,,0,,,,,,,0,0,0,0,0,0,,,,,,,
11034,Jalen Brooks,WR,ARI,14,0,,,,,,,0,0,0,0,0,0,,,,,,,
11320,Nikko Remigio,WR,KC,5,0,,,,,,,0,0,0,0,0,0,,,,,,,
11377,Tyrell Shavers,WR,BUF,7,0,,,,,,,0,0,0,0,0,0,,,,,,,
11895,Mason Tipton,WR,NO,8,0,,,,,,,0,0,0,0,0,0,,,,,,,
12541,Dont'e Thornton,WR,LV,13,0,,,,,,,0,0,0,0,0,0,,,,,,,
12699,LaJohntay Wester,WR,BAL,13,0,,,,,,,0,0,0,0,0,0,,,,,,,
12971,Ke'Shawn Williams,WR,CIN,6,0,,,,,,,0,0,0,0,0,0,,,,,,,
13075,Myles Price,WR,MIN,6,0,,,,,,,0,0,0,0,0,0,,,,,,,
11604,Brock Bowers,TE,LV,13,195.34,33.7,33,35.7,,,,,,1023.01,7.52,96.56,0.18,,,,,,,
8130,Trey McBride,TE,ARI,14,201.52,34.2,26,28.9,,,,,,1068.61,6.78,108.92,0.24,,,,,,,
12517,Colston Loveland,TE,CHI,10,172.07,18.3,22,18.2,,,,,,928.32,6.67,79.32,0.22,,,,,,,
12518,Tyler Warren,TE,IND,13,159.71,12.4,16,13,,,,,,877.81,5.52,78.85,0.31,,,,,,,
4217,George Kittle,TE,SF,8,151.68,5.3,5,3.2,,,,,,795.82,6.23,70.19,0.19,,,,,,,
12506,Harold Fannin,TE,CLE,11,157.54,5.6,7,3.5,,,,,,834.3,5.74,82.61,0.82,,,,,,,
9484,Tucker Kraft,TE,GB,11,144.14,4.4,8,6,,,,,,761.12,6.41,60.01,0.22,,,,,,,
5022,Dallas Goedert,TE,PHI,10,146.74,2.3,3,1.4,,,,,,690.13,7.56,65.53,0.2,,,,,,,
10859,Sam LaPorta,TE,DET,6,148.99,5.9,7,4.6,,,,,,813.68,5.46,70.48,0.19,,,,,,,
7553,Kyle Pitts,TE,ATL,11,149.16,6.5,8,3.6,,,,,,845.19,4.39,77.16,0.14,,,,,,,
5012,Mark Andrews,TE,BAL,13,137.28,1.5,3,1.2,,,,,,618.19,7.69,59.64,0.25,,,,,,,
1466,Travis Kelce,TE,KC,5,144.41,3.1,3,2.1,,,,,,784.8,4.83,74.93,0.26,,,,,,,
10236,Dalton Kincaid,TE,BUF,7,131.42,1.5,4,1.4,,,,,,706.25,5.48,56.76,0.23,,,,,,,
8131,Isaiah Likely,TE,NYG,8,133.93,2,5,1.8,,,,,,744.39,5.03,63.66,1.26,,,,,,,
3214,Hunter Henry,TE,NE,11,125.21,0.7,1,1.1,,,,,,651.02,5.43,55.54,0.12,,,,,,,
8110,Jake Ferguson,TE,DAL,14,130.43,2,2,1.2,,,,,,605.62,5.95,73.97,1.41,,,,,,,
9480,Brenton Strange,TE,JAX,7,121.78,0.3,2,1,,,,,,661.34,4.34,60.01,0.2,,,,,,,
7002,Juwan Johnson,TE,NO,8,123.29,0.6,2,1.1,,,,,,736.26,3.28,65.2,1.31,,,,,,,
12487,Terrance Ferguson,TE,LAR,11,103.25,0.3,2,1.1,,,,,,532.85,5.13,39,0.16,,,,,,,
5001,Dalton Schultz,TE,HOU,8,115.7,0.2,1,1,,,,,,628.99,3.37,65.89,0.18,,,,,,,
7600,Pat Freiermuth,TE,PIT,9,107.58,0.1,1,1.4,,,,,,559.56,4.27,52.97,0.24,,,,,,,
8172,Greg Dulcich,TE,MIA,6,106.42,0,1,1.3,,,,,,621.13,3.21,54.86,1.19,,,,,,,
5844,T.J. Hockenson,TE,MIN,6,108.85,0.8,1,1.2,,,,,,574.9,3.28,64.05,0.17,,,,,,,
13330,Kenyon Sadiq,TE,NYJ,13,100.35,0.5,1,1.1,,,,,,535.21,3.98,48.73,0.71,,,,,,,
11603,AJ Barner,TE,SEA,11,100.06,0.1,1,1.1,,,,,,469.53,4.88,48.57,0.23,,,,,,,
8111,Cade Otton,TE,TB,10,101.41,0,1,,,,,,,557.06,3.09,54.84,0.13,,,,,,,
8210,Chig Okonkwo,TE,WAS,7,99.65,0.1,2,1,,,,,,568.73,2.78,52.71,0.13,,,,,,,
2505,Darren Waller,TE,CAR,5,94.13,0,1,,,,,,,446.24,4.68,43.3,0.11,,,,,,,
4993,Mike Gesicki,TE,CIN,6,88.28,0,1,,,,,,,447.89,3.72,42.74,0.1,,,,,,,
4033,David Njoku,TE,LAC,7,86.25,0.1,1,1.2,,,,,,396.22,4.29,42.29,0.13,,,,,,,
4066,Evan Engram,TE,DEN,10,90.39,0,1,,,,,,,475.78,2.73,53.42,0.14,,,,,,,
12502,Gunnar Helm,TE,TEN,9,87.07,0.1,1,,,,,,,443.62,3.11,48.9,0.2,,,,,,,
12493,Oronde Gadsden,TE,LAC,7,75.16,0,2,1,,,,,,423.21,2.84,34.08,0.62,,,,,,,
6865,Colby Parkinson,TE,LAR,11,73.84,0,1,,,,,,,342.22,4.04,33.35,0.65,,,,,,,
12498,Mason Taylor,TE,NYJ,13,78.71,0,1,,,,,,,408.93,2.47,46.48,0.12,,,,,,,
5906,Dawson Knox,TE,BUF,7,64.86,0,1,,,,,,,331.4,2.92,28.65,0.06,,,,,,,
9482,Michael Mayer,TE,LV,13,70.01,0,1,,,,,,,376.7,2.1,39.99,0.13,,,,,,,
11597,Theo Johnson,TE,NYG,8,62.39,0,1,,,,,,,313.27,2.86,28.09,0.07,,,,,,,
3271,Tyler Higbee,TE,LAR,11,56.66,0,,,,,,,,296.65,2.42,25.1,0.04,,,,,,,
9479,Darnell Washington,TE,PIT,9,58.75,0,1,,,,,,,329.04,1.97,30.66,0.65,,,,,,,
11592,Erick All,TE,CIN,6,57.75,,,,,,,,,288.5,2.09,33.15,0.11,,,,,,,
6826,Cole Kmet,TE,CHI,10,53.76,0,,,,,,,,274.3,2.22,26.3,0.07,,,,,,,
13434,Will Kacmarek,TE,MIA,6,48.57,,,,,,,,,251.42,1.88,26.53,0.56,,,,,,,
8127,Charlie Kolar,TE,LAC,7,45.24,,,,,,,,,229.94,2.04,20.22,0.05,,,,,,,
5857,Noah Fant,TE,NO,8,49.55,,,,,,,,,279.73,1.63,29.87,1.57,,,,,,,
5973,Josh Oliver,TE,MIN,6,42.86,,,,,,,,,194.3,2.38,18.58,0.07,,,,,,,
8225,Daniel Bellinger,TE,TEN,9,42.29,,,,,,,,,222.24,1.75,19.33,0.05,,,,,,,
4144,Jonnu Smith,TE,GB,11,43.86,,,,,,,,,204.83,2.05,22.52,0.09,,,,,,,
7891,Brock Wright,TE,DET,6,43.02,,,,,,,,,187.62,2.31,20.87,0.02,,,,,,,
6869,Adam Trautman,TE,DEN,10,42.12,,,,,,,,,216.72,1.65,21.29,0.05,,,,,,,
13421,Eli Raridon,TE,NE,11,40.81,,1,,,,,,,214.57,1.69,20.7,0.57,,,,,,,
7694,Tommy Tremble,TE,CAR,5,40.76,,,,,,,,,197.77,1.76,21.12,0.07,,,,,,,
3202,Austin Hooper,TE,ATL,11,40.94,,,,,,,,,225.39,1.27,21.85,0.07,,,,,,,
7828,Noah Gray,TE,KC,5,40.33,0,,,,,,,,211.35,1.47,21.04,0.07,,,,,,,
12521,Elijah Arroyo,TE,SEA,11,38.63,0,,,,,,,,198.73,1.57,19.03,0.09,,,,,,,
13349,Eli Stowers,TE,PHI,10,39.17,0,1,,,,,,,214.93,1.39,20.88,0.55,,,,,,,
10214,Davis Allen,TE,LAR,11,35.34,,,,,,,,,157.21,1.87,16.92,0.03,,,,,,,
7716,John Bates,TE,WAS,7,33.78,,,,,,,,,169.23,1.58,17.04,0.57,,,,,,,
13307,Marlin Klein,TE,HOU,8,34.87,,,,,,,,,194.42,1.12,19.49,0.52,,,,,,,
10231,Elijah Higgins,TE,ARI,14,35,,,,,,,,,201.49,0.84,21.95,0.58,,,,,,,
11600,Ja'Tavion Sanders,TE,CAR,5,35.08,,,,,,,,,178.06,1.05,22.23,0.07,,,,,,,
13299,Nate Boerkircher,TE,JAX,7,29.76,,,,,,,,,156.81,1.28,14.91,0.53,,,,,,,
8698,Jake Tonges,TE,SF,8,29.74,0,1,,,,,,,149.86,1.21,15.1,0.03,,,,,,,
8181,Connor Heyward,TE,LV,13,29.2,,,,,,,,,102,2,14,0,,,,,,,
8145,Jeremy Ruckert,TE,NYJ,13,32.04,,,,,,,,,146.32,1.27,19.73,0.04,,,,,,,
6001,Drew Sample,TE,CIN,6,30.05,,,,,,,,,141.65,1.23,17.33,0.08,,,,,,,
12658,Jackson Hawes,TE,BUF,7,25.41,,,,,,,,,115.12,1.45,10.55,0.04,,,,,,,
11433,Nate Adkins,TE,DEN,10,25.78,,,,,,,,,88.36,1.84,11.92,0.03,,,,,,,
11596,Ben Sinnott,TE,WAS,7,25.33,,,,,,,,,114.23,1.41,11.05,0.04,,,,,,,
13282,Jack Endries,TE,CIN,6,24.8,,,,,,,,,123,1,13,0,,,,,,,
5985,Foster Moreau,TE,HOU,8,22.93,,,,,,,,,105.17,1.3,9.34,0.03,,,,,,,
11599,Cade Stover,TE,HOU,8,25.55,,,,,,,,,127.78,0.88,15.27,0.07,,,,,,,
10871,Luke Schoonmaker,TE,DAL,14,24.39,,,,,,,,,121.51,0.95,13.19,0.03,,,,,,,
13308,Bauer Sharp,TE,TB,10,22.8,,,,,,,,,113,1,11,0,,,,,,,
9481,Luke Musgrave,TE,GB,11,24.09,,,,,,,,,132.33,0.67,13.67,0,,,,,,,
4054,Mo Alie-Cox,TE,IND,13,22.08,,,,,,,,,113.73,0.93,10.61,0.09,,,,,,,
13577,Dallen Bentley,TE,DEN,10,22.4,,,,,,,,,104,1,12,0,,,,,,,
12715,Thomas Fidone,TE,NYG,8,21.1,,,,,,,,,101,1,10,0,,,,,,,
10220,Will Mallory,TE,IND,13,19.7,,,,,,,,,97,1,8,0,,,,,,,
11595,Jared Wiley,TE,KC,5,21.1,,,,,,,,,96,1,11,0,,,,,,,
7075,Charlie Woerner,TE,ATL,11,21.67,,,,,,,,,114.36,0.59,13.47,0.02,,,,,,,
7602,Kylen Granson,TE,TEN,9,19.3,,,,,,,,,83,1,10,0,,,,,,,
13319,Oscar Delp,TE,NO,8,18.52,,,,,,,,,94.48,0.74,9.39,0.03,,,,,,,
5008,Durham Smythe,TE,BAL,13,18.26,,,,,,,,,86.44,0.87,8.91,0.03,,,,,,,
12473,Mitchell Evans,TE,CAR,5,17.15,,,,,,,,,71.5,1,8,0,,,,,,,
10227,Payne Durham,TE,TB,10,16.75,,,,,,,,,80.77,0.82,7.62,0.03,,,,,,,
13278,Max Klare,TE,LAR,11,16.05,,1,,,,,,,82.53,0.68,7.52,0.02,,,,,,,
8177,Grant Calcaterra,TE,PHI,10,16,,,,,,,,,87.5,0.5,8.5,0,,,,,,,
13429,Seydou Traore,TE,MIA,6,15.76,,,,,,,,,78.67,0.65,8.11,0.03,,,,,,,
13408,Tanner Koziol,TE,JAX,7,14.67,,,,,,,,,73.85,0.64,6.96,0.02,,,,,,,
11593,Brevyn Spann-Ford,TE,DAL,14,14.83,,,,,,,,,71.36,0.67,7.43,0.02,,,,,,,
13322,Sam Roush,TE,CHI,10,14.47,,,,,,,,,72.45,0.64,6.84,0.02,,,,,,,
13273,Josh Cuevas,TE,BAL,13,13.35,,,,,,,,,66.38,0.65,5.67,0.01,,,,,,,
10212,Josh Whyle,TE,GB,11,13.75,,,,,,,,,61.79,0.68,7.06,0.02,,,,,,,
8484,Ko Kieft,TE,TB,10,12.63,,,,,,,,,58.53,0.65,5.84,0.02,,,,,,,
7535,Hunter Long,TE,ARI,14,13.6,,,,,,,,,60.65,0.6,7.94,0.02,,,,,,,
4995,Ian Thomas,TE,LV,13,13.06,,,,,,,,,61.5,0.58,6.9,0.01,,,,,,,
8489,Drew Ogletree,TE,IND,13,12.26,,,,,,,,,55.61,0.64,5.8,0.02,,,,,,,
3048,Chris Manhertz,TE,NYG,8,11.11,,,,,,,,,50.64,0.56,5.41,0.01,,,,,,,
11201,Blake Whiteheart,TE,CLE,11,11.85,,,,,,,,,63.44,0.34,7.14,0.05,,,,,,,
13400,Justin Joly,TE,,,9.65,,,,,,,,,44,0.5,4.5,0,,,,,,,
4189,Eric Saubert,TE,SEA,11,6.91,,,,,,,,,34.38,0.3,3.42,0.02,,,,,,,
7842,Luke Farrell,TE,SF,8,6.92,,,,,,,,,35.98,0.25,3.76,0.03,,,,,,,
4314,Johnny Mundt,TE,PHI,10,6.48,,,,,,,,,35.38,0.21,3.45,0.02,,,,,,,
13580,Carsen Ryan,TE,CLE,11,6.24,,,,,,,,,33.84,0.17,3.8,0.03,,,,,,,
5133,Tyler Conklin,TE,DET,6,0,,,,,,,,,0,0,0,0,,,,,,,
5409,Tanner Hudson,TE,CIN,6,0,,,,,,,,,0,0,0,0,,,,,,,
7536,Quintin Morris,TE,JAX,7,0,,,,,,,,,0,0,0,0,,,,,,,
7946,Jack Stoll,TE,,,0,,,,,,,,,0,0,0,0,,,,,,,
8214,Cole Turner,TE,MIA,6,0,,,,,,,,,0,0,0,0,,,,,,,
8219,Jelani Woods,TE,NYJ,13,0,,,,,,,,,0,0,0,0,,,,,,,
8249,Lucas Krull,TE,DEN,10,0,,,,,,,,,0,0,0,0,,,,,,,
11082,Ben Sims,TE,MIA,6,0,,,,,,,,,0,0,0,0,,,,,,,
11371,Julian Hill,TE,NE,11,0,,,,,,,,,0,0,0,0,,,,,,,
11716,Tip Reiman,TE,ARI,14,0,,,,,,,,,0,0,0,0,,,,,,,
11820,Devin Culp,TE,TB,,0,,,,,,,,,0,0,0,0,,,,,,,
12984,CJ Dippre,TE,TB,10,0,,,,,,,,,0,0,0,0,,,,,,,
13435,Joe Royer,TE,CLE,11,0,,,,,,,,,0,0,0,0,,,,,,,
11533,Brandon Aubrey,K,DAL,14,151.45,4.9,,4.4,,,,,,,,,,34.83,46.96,,,,,
2747,Jason Myers,K,SEA,11,150.43,1.8,,1.5,,,,,,,,,,34.7,46.33,,,,,
3451,Ka'imi Fairbairn,K,HOU,8,144.51,1.6,,1.7,,,,,,,,,,36.3,35.61,,,,,
8259,Cameron Dicker,K,LAC,7,142.73,2.2,,1.6,,,,,,,,,,34.32,39.77,,,,,
12185,Spencer Shrader,K,IND,13,139.07,0,,,,,,,,,,,,31.86,43.49,,,,,
12015,Harrison Mevis,K,LAR,11,136.84,1.3,,1.4,,,,,,,,,,27.32,54.88,,,,,
11539,Jake Bates,K,DET,6,136,1,,1.1,,,,,,,,,,28.28,51.16,,,,,
2020,Cairo Santos,K,CHI,10,133.26,0.4,,1,,,,,,,,,,29.99,43.29,,,,,
6650,Chase McLaughlin,K,TB,10,132.85,0.1,,1.3,,,,,,,,,,31.52,38.29,,,,,
5189,Eddy Pineiro,K,SF,8,132.08,1.1,,1,,,,,,,,,,31.04,38.96,,,,,
11786,Cam Little,K,JAX,7,132.02,1.4,,1.4,,,,,,,,,,29.11,44.69,,,,,
12711,Tyler Loop,K,BAL,13,132.01,0.7,,1.1,,,,,,,,,,28.43,46.72,,,,,
4227,Harrison Butker,K,KC,5,131.95,1.2,,1.3,,,,,,,,,,31.28,38.11,,,,,
11792,Will Reichard,K,MIN,6,130.86,0.6,,1.1,,,,,,,,,,30.9,38.16,,,,,
7839,Evan McPherson,K,CIN,6,128.57,0.2,,1.1,,,,,,,,,,27.67,45.56,,,,,
3678,Wil Lutz,K,DEN,10,128.46,0.1,,1.1,,,,,,,,,,28.99,41.49,,,,,
13545,Trey Smack,K,GB,11,127,0.2,,1.2,,,,,,,,,,28.93,40.21,,,,,
7042,Tyler Bass,K,BUF,7,123.66,0.1,,1.1,,,,,,,,,,25.61,46.83,,,,,
5095,Daniel Carlson,K,NO,8,121.47,0,,,,,,,,,,,,29.55,32.82,,,,,
650,Nick Folk,K,ATL,11,121.06,0,,1,,,,,,,,,,28.34,36.04,,,,,
12713,Andy Borregales,K,NE,11,119.96,0,,1.1,,,,,,,,,,25.79,42.59,,,,,
4195,Jake Elliott,K,PHI,10,119.29,0.1,,1.2,,,,,,,,,,26.05,41.14,,,,,
1945,Chris Boswell,K,PIT,9,118.28,0.4,,1.3,,,,,,,,,,28.12,33.92,,,,,
13968,Drew Stevens,K,WAS,7,116.71,0,,,,,,,,,,,,26.55,37.06,,,,,
11058,Blake Grupe,K,NYJ,13,115.7,0,,,,,,,,,,,,27.95,31.85,,,,,
7922,Riley Patterson,K,MIA,6,114.3,,,,,,,,,,,,,27.85,30.75,,,,,
6528,Joey Slye,K,TEN,9,113.89,0,,,,,,,,,,,,27.41,31.66,,,,,
10955,Chad Ryland,K,ARI,14,111.1,,,,,,,,,,,,,26.63,31.21,,,,,
12961,Ryan Fitzgerald,K,CAR,5,108.01,0,,,,,,,,,,,,25.51,31.48,,,,,
6083,Matt Gay,K,LV,13,106.08,0,,,,,,,,,,,,25.51,29.55,,,,,
11261,Andre Szmyt,K,CLE,11,102.11,0,,,,,,,,,,,,24.64,28.19,,,,,
13833,Dominic Zvada,K,NYG,8,75.32,0,,,,,,,,,,,,17.84,21.8,,,,,
13066,Ben Sauls,K,,,58.49,,,,,,,,,,,,,15.33,12.5,,,,,
5119,Jason Sanders,K,NYJ,,36,,,,,,,,,,,,,12,0,,,,,
503,Graham Gano,K,,,0,,,,,,,,,,,,,0,0,,,,,
1433,Brandon McManus,K,,,0,,,,,,,,,,,,,0,0,,,,,
4233,Zane Gonzalez,K,,,0,,,,,,,,,,,,,0,0,,,,,
4666,Younghoe Koo,K,,,0,0,,,,,,,,,,,,0,0,,,,,
10937,Jake Moody,K,BAL,13,0,,,,,,,,,,,,,0,0,,,,,
8258,Cade York,K,,,0,,,,,,,,,,,,,0,0,,,,,
8932,Lucas Havrisik,K,,,0,,,,,,,,,,,,,0,0,,,,,
11145,Tanner Brown,K,,,0,,,,,,,,,,,,,0,0,,,,,
11653,Charlie Smyth,K,NO,8,0,,,,,,,,,,,,,0,0,,,,,
11789,Joshua Karty,K,,,0,,,,,,,,,,,,,0,0,,,,,
HOU,Houston Texans,DEF,HOU,8,120.39,4,,3.3,,,,,,,,,,,,49.67,14.37,11.56,2.81,1
DEN,Denver Broncos,DEF,DEN,10,118.3,3.2,,2.6,,,,,,,,,,,,59.72,13.31,8.31,2.39,0.5
MIN,Minnesota Vikings,DEF,MIN,6,112.59,0.3,,1.1,,,,,,,,,,,,49.31,12.59,12.03,2.34,0
PIT,Pittsburgh Steelers,DEF,PIT,9,112.44,1.6,,1.1,,,,,,,,,,,,45.8,13.25,12.87,2.4,0
SEA,Seattle Seahawks,DEF,SEA,11,110.57,2.5,,2.1,,,,,,,,,,,,46.37,13.58,8.42,3.2,0.5
LAR,Los Angeles Rams,DEF,LAR,11,109.28,3.9,,3.9,,,,,,,,,,,,48.38,13.41,9.46,2.36,0.5
LAC,Los Angeles Chargers,DEF,LAC,7,108.55,0.6,,1.2,,,,,,,,,,,,48.81,15.26,8.67,1.98,0
DET,Detroit Lions,DEF,DET,6,106.94,0.9,,1.2,,,,,,,,,,,,48.08,13.41,8.98,2.18,0.5
BUF,Buffalo Bills,DEF,BUF,7,106.96,0.1,,1.3,,,,,,,,,,,,42.68,14.61,9.65,2.46,0.5
ATL,Atlanta Falcons,DEF,ATL,11,104.92,0,,,,,,,,,,,,,,49.3,12.6,7.87,2.28,0.5
PHI,Philadelphia Eagles,DEF,PHI,10,102.64,1.4,,1.3,,,,,,,,,,,,42.38,12.96,10,2.39,0
BAL,Baltimore Ravens,DEF,BAL,13,101.66,1.5,,1.2,,,,,,,,,,,,45.96,12.77,9.29,1.93,0
CHI,Chicago Bears,DEF,CHI,10,100.98,0.1,,1,,,,,,,,,,,,38.9,13.98,10.67,2.13,0
CLE,Cleveland Browns,DEF,CLE,11,100.96,0.8,,1.2,,,,,,,,,,,,46.38,12.13,8.5,2.22,0
NO,New Orleans Saints,DEF,NO,8,99.84,0.1,,,,,,,,,,,,,,44.86,12.21,8.44,2.28,0
JAX,Jacksonville Jaguars,DEF,JAX,7,99.82,0.4,,1.2,,,,,,,,,,,,37.08,13.86,9.59,2.64,0
NE,New England Patriots,DEF,NE,11,99.47,1,,1.1,,,,,,,,,,,,41.13,11.94,8.96,2.59,0.5
CIN,Cincinnati Bengals,DEF,CIN,6,99.22,0,,,,,,,,,,,,,,41.16,13.07,9.78,2.06,0
TB,Tampa Bay Buccaneers,DEF,TB,10,96.55,0.1,,,,,,,,,,,,,,41.17,11.71,9.72,1.92,0.5
TEN,Tennessee Titans,DEF,TEN,9,95.79,0,,,,,,,,,,,,,,44.87,10.05,8.52,2.13,0.5
GB,Green Bay Packers,DEF,GB,11,95.21,0.2,,1.5,,,,,,,,,,,,40.31,11.92,9.74,1.93,0
IND,Indianapolis Colts,DEF,IND,13,94.51,0,,,,,,,,,,,,,,39.57,12.96,8.78,1.91,0
WAS,Washington Commanders,DEF,WAS,7,94.07,0,,,,,,,,,,,,,,43.57,9.77,8.83,2.05,0.5
KC,Kansas City Chiefs,DEF,KC,5,93.17,0.5,,1.4,,,,,,,,,,,,42.01,12.07,7.9,1.87,0
DAL,Dallas Cowboys,DEF,DAL,14,91.55,0.2,,1.1,,,,,,,,,,,,42.11,10.71,8.4,1.87,0
NYG,New York Giants,DEF,NYG,8,91.49,0,,1.1,,,,,,,,,,,,40.85,10.48,8.81,2.01,0
MIA,Miami Dolphins,DEF,MIA,6,90.8,0,,,,,,,,,,,,,,42.28,10.21,9.16,1.63,0
LV,Las Vegas Raiders,DEF,LV,13,89.94,0,,,,,,,,,,,,,,40.72,10.23,8.42,1.82,0.5
ARI,Arizona Cardinals,DEF,ARI,14,89.53,0,,,,,,,,,,,,,,35.95,11.42,9.23,1.88,0.5
SF,San Francisco 49ers,DEF,SF,8,88.2,0.1,,1.2,,,,,,,,,,,,36,11.09,9.31,1.9,0
CAR,Carolina Panthers,DEF,CAR,5,86.35,0.1,,,,,,,,,,,,,,38.15,11.58,7.06,1.82,0
NYJ,New York Jets,DEF,NYJ,13,85.55,0,,,,,,,,,,,,,,37.27,9.93,7.95,1.92,0.5
